id,warehouse_id,code,name,description,is_active,created_at,updated_at
c18b03d8-00b7-4cb2-ae42-cd418f4f57a6,c537c281-b6ad-4842-94ec-e937be0083e5,COL-LOG,Logistics,"Fleet operations, drivers and forklift operators — LankaLogix - Colombo",t,2026-08-10 18:50:16.239885+00,2026-08-10 18:50:16.239885+00
2f868ddc-48bb-41c3-a3f6-04e80e172902,c537c281-b6ad-4842-94ec-e937be0083e5,COL-ELEC,Electrical,"Vehicle electrical systems, batteries and charging infrastructure — LankaLogix - Colombo",t,2026-08-10 18:50:16.239885+00,2026-08-10 18:50:16.239885+00
bc1dca59-ea5b-48d4-8749-99e0a1e74b0a,c537c281-b6ad-4842-94ec-e937be0083e5,COL-SFT,Software,"Telematics, sensor integration and platform support — LankaLogix - Colombo",t,2026-08-10 18:50:16.239885+00,2026-08-10 18:50:16.239885+00
b91e5624-cc6c-4e51-805c-0a1a12d710ea,c537c281-b6ad-4842-94ec-e937be0083e5,COL-MECH,Mechanical,"Engine, brake, tyre and hydraulic maintenance — LankaLogix - Colombo",t,2026-08-10 18:50:16.239885+00,2026-08-10 18:50:16.239885+00
c5625abb-29ec-42b7-8c63-1cc85fd17f62,c537c281-b6ad-4842-94ec-e937be0083e5,COL-ADM,Admin,"Warehouse administration, scheduling and compliance — LankaLogix - Colombo",t,2026-08-10 18:50:16.239885+00,2026-08-10 18:50:16.239885+00
c24b3130-482c-4313-a6c9-416e6cd7c9a6,23a10ad6-f2ff-4aab-9878-de0f37f6bbe0,BDL-LOG,Logistics,"Fleet operations, drivers and forklift operators — LankaLogix - Badulla",t,2026-08-10 18:50:16.239885+00,2026-08-10 18:50:16.239885+00
2c9e9199-bbf1-4f57-a970-4b2b991d8eb9,23a10ad6-f2ff-4aab-9878-de0f37f6bbe0,BDL-ELEC,Electrical,"Vehicle electrical systems, batteries and charging infrastructure — LankaLogix - Badulla",t,2026-08-10 18:50:16.239885+00,2026-08-10 18:50:16.239885+00
5b4411b7-ba3e-48d7-b6a3-bef40f405430,23a10ad6-f2ff-4aab-9878-de0f37f6bbe0,BDL-SFT,Software,"Telematics, sensor integration and platform support — LankaLogix - Badulla",t,2026-08-10 18:50:16.239885+00,2026-08-10 18:50:16.239885+00
aa57a78f-0658-4247-8eeb-9f87b682923f,23a10ad6-f2ff-4aab-9878-de0f37f6bbe0,BDL-MECH,Mechanical,"Engine, brake, tyre and hydraulic maintenance — LankaLogix - Badulla",t,2026-08-10 18:50:16.239885+00,2026-08-10 18:50:16.239885+00
bf580598-b1b8-411e-81fc-df85f00b87ef,23a10ad6-f2ff-4aab-9878-de0f37f6bbe0,BDL-ADM,Admin,"Warehouse administration, scheduling and compliance — LankaLogix - Badulla",t,2026-08-10 18:50:16.239885+00,2026-08-10 18:50:16.239885+00
3df19dcf-3ea6-4851-8552-d094f0ee47ee,8f2b1c74-59d3-4a6e-9b21-7c4e0a5d3f88,GLE-LOG,Logistics,"Fleet operations, drivers and forklift operators — LankaLogix - Galle",t,2026-08-10 18:50:16.239885+00,2026-08-10 18:50:16.239885+00
d1f29320-d89b-4dfd-bcee-b5ac24c32bb4,8f2b1c74-59d3-4a6e-9b21-7c4e0a5d3f88,GLE-ELEC,Electrical,"Vehicle electrical systems, batteries and charging infrastructure — LankaLogix - Galle",t,2026-08-10 18:50:16.239885+00,2026-08-10 18:50:16.239885+00
079d83ae-2763-4184-bad0-f8b159fb82d5,8f2b1c74-59d3-4a6e-9b21-7c4e0a5d3f88,GLE-SFT,Software,"Telematics, sensor integration and platform support — LankaLogix - Galle",t,2026-08-10 18:50:16.239885+00,2026-08-10 18:50:16.239885+00
db9608cb-8fa1-42bf-b0e6-916f97ed558c,8f2b1c74-59d3-4a6e-9b21-7c4e0a5d3f88,GLE-MECH,Mechanical,"Engine, brake, tyre and hydraulic maintenance — LankaLogix - Galle",t,2026-08-10 18:50:16.239885+00,2026-08-10 18:50:16.239885+00
ba2903c0-62fd-4a78-baf5-6bd5ddc4c949,8f2b1c74-59d3-4a6e-9b21-7c4e0a5d3f88,GLE-ADM,Admin,"Warehouse administration, scheduling and compliance — LankaLogix - Galle",t,2026-08-10 18:50:16.239885+00,2026-08-10 18:50:16.239885+00
