id,question,answer,category,tags,created_at,updated_at,is_active
55acced0-d11e-4d6c-a267-aeee3d091bff,how does failure prediction work,"PredictiX uses machine learning to analyze your asset data and predict the likelihood of failure, helping you plan proactive maintenance.",predictions,,2026-07-08 17:12:21.737136,2026-07-08 17:12:21.737136,t
1fd6cc16-37e6-499c-98c2-e7fe3cf252e8,how to view predictions,You can view AI predictions in the Reports or Dashboard section. Assets with high failure probabilities will be flagged.,predictions,,2026-07-08 17:12:21.737136,2026-07-08 17:12:21.737136,t
c9750788-edb2-4439-9ffe-dbae58957a4c,what is a failure probability score,The failure probability score indicates how likely an asset is to fail soon. Higher scores mean greater risk.,predictions,,2026-07-08 17:12:21.737136,2026-07-08 17:12:21.737136,t
fc7b497e-7055-48a0-a02c-77c88509c1b2,what are critical alerts,Critical alerts are triggered when an asset is at high risk of failure and requires attention.,predictions,,2026-07-08 17:12:21.737136,2026-07-08 17:12:21.737136,t
e089a89b-07ea-451f-a857-1a28ebbafbdf,how to navigate to dashboard,Click 'Dashboard' in the navigation menu. The Dashboard shows your live KPIs and system overview.,navigation,,2026-07-08 17:12:21.737136,2026-07-08 17:12:21.737136,t
62f9e631-d41c-4a19-88b5-0ef30d1e28d5,how to navigate to tickets,Click 'Tickets' or 'Helpdesk' in the navigation menu.,navigation,,2026-07-08 17:12:21.737136,2026-07-08 17:12:21.737136,t
73f0941b-9019-4745-8965-ca81215ef9c5,how to navigate to assets,Click 'Assets' in the navigation menu.,navigation,,2026-07-08 17:12:21.737136,2026-07-08 17:12:21.737136,t
4ebd538a-8604-485e-89d7-1a2ff72be9b5,what is predictix,"PredictiX is an AI-powered Smart Asset Management System that helps organizations track assets, manage maintenance tickets, and predict equipment failures.",general,,2026-07-08 17:12:21.737136,2026-07-08 17:12:21.737136,t
10afc2b3-d772-44ff-be26-8644186f3c95,how to contact support,You can reach the PredictiX support team by emailing neuromindspredictix@gmail.com.,general,,2026-07-08 17:12:21.737136,2026-07-08 17:12:21.737136,t
66e03016-91da-4448-9ee9-51d3eb09532d,how to report a bug,"If you find a bug, please email neuromindspredictix@gmail.com with a description of the issue.",general,,2026-07-08 17:12:21.737136,2026-07-08 17:12:21.737136,t
10885334-5513-4916-841b-7a9d223014cb,is my data secure in predictix,Yes! PredictiX uses secure data storage and role-based access control to ensure your data is safe.,general,,2026-07-08 17:12:21.737136,2026-07-08 17:12:21.737136,t
953e686d-7d45-4267-9970-7a1a1e6049a4,how to use the chatbot,"Just type your question naturally in the chat box! You can ask about your data, system navigation, or general help.",general,,2026-07-08 17:12:21.737136,2026-07-08 17:12:21.737136,t
0c7f0d25-ba9b-414a-9985-75ba0207374c,how to access help,"You can ask me anything in this chat, or email neuromindspredictix@gmail.com for further assistance.",general,,2026-07-08 17:12:21.737136,2026-07-08 17:12:21.737136,t
408b9a53-03b3-4cc3-b95c-2f75e0b0a0a9,how to open a ticket,"To open a new support ticket, navigate to the Tickets or Helpdesk section and click the button to create a new ticket. Fill in the details and submit.",ticket,,2026-07-08 17:12:21.737136,2026-07-08 17:12:21.737136,t
dc523e64-9dcf-482d-b372-942cdaaff044,how to view my tickets,Go to the Tickets section from the navigation menu to see all tickets relevant to your account.,ticket,,2026-07-08 17:12:21.737136,2026-07-08 17:12:21.737136,t
5a5c554a-fad8-4179-8a71-8c4343af50f1,what are ticket priorities,"PredictiX uses priority levels (e.g., High, Medium, Low) to indicate the urgency of a ticket.",ticket,,2026-07-08 17:12:21.737136,2026-07-08 17:12:21.737136,t
4cdbb7de-d4d0-466a-8fb3-01790d820867,what are ticket statuses,"Tickets can have various statuses such as Open, In Progress, Resolved, and Closed, indicating their current stage.",ticket,,2026-07-08 17:12:21.737136,2026-07-08 17:12:21.737136,t
94c4b9d8-7b43-4ebf-b779-74f174ba575e,what is a ticket number,"Each ticket gets a unique identifier automatically when created, which you can use to reference that specific issue.",ticket,,2026-07-08 17:12:21.737136,2026-07-08 17:12:21.737136,t
db8d9e2d-a8b9-4d44-bd20-57034371d039,how to view assets,Navigate to the Assets section from the navigation menu to see the list of registered assets.,asset,,2026-07-08 17:12:21.737136,2026-07-08 17:12:21.737136,t
13eecdbb-b08c-4caf-9873-85ed089ae060,how to search for an asset,"On the Assets page, use the search bar or filters to find specific assets by name, type, or status.",asset,,2026-07-08 17:12:21.737136,2026-07-08 17:12:21.737136,t
bf9bc2c9-c831-4b4b-b8aa-e3c24c09f3a3,what is an asset status,"Assets have statuses indicating if they are Active, Inactive, Under Maintenance, etc.",asset,,2026-07-08 17:12:21.737136,2026-07-08 17:12:21.737136,t
3abc2ef7-ee7c-4cb6-8667-590cdf89814c,how to log out,"To log out, click the logout option in your user menu or sidebar. You'll be safely signed out.",user,,2026-07-08 17:12:21.737136,2026-07-08 17:12:21.737136,t
38536fd6-2f6e-44c9-9bf7-99cf7ed325c6,how to change my password,There is currently no option to change your password directly in the application. Please contact your system administrator at neuromindspredictix@gmail.com to request a password change.,user,,2026-07-08 17:12:21.737136,2026-07-08 17:12:21.737136,t
8ea48a55-fbd9-4648-a544-500b05ddab4d,how to reset my password,"If you've forgotten your password, please contact support at neuromindspredictix@gmail.com to request a password reset.",user,,2026-07-08 17:12:21.737136,2026-07-08 17:12:21.737136,t
d8a9b1bb-30e4-49c4-81bb-d0b6126b0616,i forgot my password,Please contact the administrators at neuromindspredictix@gmail.com and they will reset your password for you.,user,,2026-07-08 17:12:21.737136,2026-07-08 17:12:21.737136,t
91470864-6e56-4f09-8935-28cd0cc28f4e,how to update my profile,"To update your profile information (like your name or phone number), please contact your system administrator at neuromindspredictix@gmail.com.",user,,2026-07-08 17:12:21.737136,2026-07-08 17:12:21.737136,t
e429cc80-2fcb-46bd-ac07-d0a57fe25af0,how to change my email,Email changes require admin assistance. Please contact your system administrator at neuromindspredictix@gmail.com with your request.,user,,2026-07-08 17:12:21.737136,2026-07-08 17:12:21.737136,t
a8a1ea57-7741-4b00-835e-2ad079af4331,what is my role,"Your role determines your permissions in PredictiX. Common roles include 'User' (standard access), 'Admin' (management access), and 'Super Admin'.",user,,2026-07-08 17:12:21.737136,2026-07-08 17:12:21.737136,t
e52a1e11-5cf8-4a8a-a732-5b3448a643bd,how to enable two factor authentication,Two-factor authentication is managed by administrators. Please contact neuromindspredictix@gmail.com to request 2FA setup.,user,,2026-07-08 17:12:21.737136,2026-07-08 17:12:21.737136,t
c6bd2fb1-93a9-4cde-b2be-360d5c8d24ef,how to deactivate my account,Account deactivation is handled by administrators. Please contact neuromindspredictix@gmail.com with your request.,user,,2026-07-08 17:12:21.737136,2026-07-08 17:12:21.737136,t
